-- MySQL dump 10.13  Distrib 8.0.42, for Linux (x86_64)
--
-- Host: localhost    Database: ecommerce_catalog
-- ------------------------------------------------------
-- Server version	8.0.42

/*!40101 SET @OLD_CHARACTER_SET_CLIENT=@@CHARACTER_SET_CLIENT */;
/*!40101 SET @OLD_CHARACTER_SET_RESULTS=@@CHARACTER_SET_RESULTS */;
/*!40101 SET @OLD_COLLATION_CONNECTION=@@COLLATION_CONNECTION */;
/*!50503 SET NAMES utf8mb4 */;
/*!40103 SET @OLD_TIME_ZONE=@@TIME_ZONE */;
/*!40103 SET TIME_ZONE='+00:00' */;
/*!40014 SET @OLD_UNIQUE_CHECKS=@@UNIQUE_CHECKS, UNIQUE_CHECKS=0 */;
/*!40014 SET @OLD_FOREIGN_KEY_CHECKS=@@FOREIGN_KEY_CHECKS, FOREIGN_KEY_CHECKS=0 */;
/*!40101 SET @OLD_SQL_MODE=@@SQL_MODE, SQL_MODE='NO_AUTO_VALUE_ON_ZERO' */;
/*!40111 SET @OLD_SQL_NOTES=@@SQL_NOTES, SQL_NOTES=0 */;

--
-- Current Database: `ecommerce_catalog`
--

CREATE DATABASE /*!32312 IF NOT EXISTS*/ `ecommerce_catalog` /*!40100 DEFAULT CHARACTER SET utf8mb4 COLLATE utf8mb4_0900_ai_ci */ /*!80016 DEFAULT ENCRYPTION='N' */;

USE `ecommerce_catalog`;

--
-- Table structure for table `attribute_items`
--

DROP TABLE IF EXISTS `attribute_items`;
/*!40101 SET @saved_cs_client     = @@character_set_client */;
/*!50503 SET character_set_client = utf8mb4 */;
CREATE TABLE `attribute_items` (
  `id` varchar(100) NOT NULL,
  `attribute_set_id` varchar(100) NOT NULL,
  `display_value` varchar(100) NOT NULL,
  `value` varchar(100) NOT NULL,
  PRIMARY KEY (`id`),
  KEY `idx_attribute_items_set` (`attribute_set_id`),
  CONSTRAINT `attribute_items_ibfk_1` FOREIGN KEY (`attribute_set_id`) REFERENCES `attribute_sets` (`id`) ON DELETE CASCADE
) ENGINE=InnoDB DEFAULT CHARSET=utf8mb4 COLLATE=utf8mb4_0900_ai_ci;
/*!40101 SET character_set_client = @saved_cs_client */;

--
-- Dumping data for table `attribute_items`
--

LOCK TABLES `attribute_items` WRITE;
/*!40000 ALTER TABLE `attribute_items` DISABLE KEYS */;
/*!40000 ALTER TABLE `attribute_items` ENABLE KEYS */;
UNLOCK TABLES;

--
-- Table structure for table `attribute_sets`
--

DROP TABLE IF EXISTS `attribute_sets`;
/*!40101 SET @saved_cs_client     = @@character_set_client */;
/*!50503 SET character_set_client = utf8mb4 */;
CREATE TABLE `attribute_sets` (
  `id` varchar(100) NOT NULL,
  `name` varchar(100) NOT NULL,
  `type` varchar(50) NOT NULL,
  PRIMARY KEY (`id`)
) ENGINE=InnoDB DEFAULT CHARSET=utf8mb4 COLLATE=utf8mb4_0900_ai_ci;
/*!40101 SET character_set_client = @saved_cs_client */;

--
-- Dumping data for table `attribute_sets`
--

LOCK TABLES `attribute_sets` WRITE;
/*!40000 ALTER TABLE `attribute_sets` DISABLE KEYS */;
/*!40000 ALTER TABLE `attribute_sets` ENABLE KEYS */;
UNLOCK TABLES;

--
-- Table structure for table `categories`
--

DROP TABLE IF EXISTS `categories`;
/*!40101 SET @saved_cs_client     = @@character_set_client */;
/*!50503 SET character_set_client = utf8mb4 */;
CREATE TABLE `categories` (
  `id` int NOT NULL AUTO_INCREMENT,
  `name` varchar(100) NOT NULL,
  `created_at` timestamp NULL DEFAULT CURRENT_TIMESTAMP,
  PRIMARY KEY (`id`),
  UNIQUE KEY `name` (`name`)
) ENGINE=InnoDB AUTO_INCREMENT=3 DEFAULT CHARSET=utf8mb4 COLLATE=utf8mb4_0900_ai_ci;
/*!40101 SET character_set_client = @saved_cs_client */;

--
-- Dumping data for table `categories`
--

LOCK TABLES `categories` WRITE;
/*!40000 ALTER TABLE `categories` DISABLE KEYS */;
INSERT INTO `categories` VALUES (1,'clothes','2025-09-02 10:43:07'),(2,'tech','2025-09-02 10:43:07');
/*!40000 ALTER TABLE `categories` ENABLE KEYS */;
UNLOCK TABLES;

--
-- Table structure for table `currencies`
--

DROP TABLE IF EXISTS `currencies`;
/*!40101 SET @saved_cs_client     = @@character_set_client */;
/*!50503 SET character_set_client = utf8mb4 */;
CREATE TABLE `currencies` (
  `code` varchar(10) NOT NULL,
  `label` varchar(50) NOT NULL,
  `symbol` varchar(10) NOT NULL,
  PRIMARY KEY (`code`)
) ENGINE=InnoDB DEFAULT CHARSET=utf8mb4 COLLATE=utf8mb4_0900_ai_ci;
/*!40101 SET character_set_client = @saved_cs_client */;

--
-- Dumping data for table `currencies`
--

LOCK TABLES `currencies` WRITE;
/*!40000 ALTER TABLE `currencies` DISABLE KEYS */;
INSERT INTO `currencies` VALUES ('USD','USD','$');
/*!40000 ALTER TABLE `currencies` ENABLE KEYS */;
UNLOCK TABLES;

--
-- Table structure for table `order_items`
--

DROP TABLE IF EXISTS `order_items`;
/*!40101 SET @saved_cs_client     = @@character_set_client */;
/*!50503 SET character_set_client = utf8mb4 */;
CREATE TABLE `order_items` (
  `id` int NOT NULL AUTO_INCREMENT,
  `order_id` varchar(100) NOT NULL,
  `product_id` varchar(100) NOT NULL,
  `quantity` int NOT NULL,
  `selected_attributes` json DEFAULT NULL,
  `price` decimal(10,2) NOT NULL,
  PRIMARY KEY (`id`),
  KEY `order_id` (`order_id`),
  KEY `product_id` (`product_id`),
  CONSTRAINT `order_items_ibfk_1` FOREIGN KEY (`order_id`) REFERENCES `orders` (`id`) ON DELETE CASCADE,
  CONSTRAINT `order_items_ibfk_2` FOREIGN KEY (`product_id`) REFERENCES `products` (`id`)
) ENGINE=InnoDB DEFAULT CHARSET=utf8mb4 COLLATE=utf8mb4_0900_ai_ci;
/*!40101 SET character_set_client = @saved_cs_client */;

--
-- Dumping data for table `order_items`
--

LOCK TABLES `order_items` WRITE;
/*!40000 ALTER TABLE `order_items` DISABLE KEYS */;
/*!40000 ALTER TABLE `order_items` ENABLE KEYS */;
UNLOCK TABLES;

--
-- Table structure for table `orders`
--

DROP TABLE IF EXISTS `orders`;
/*!40101 SET @saved_cs_client     = @@character_set_client */;
/*!50503 SET character_set_client = utf8mb4 */;
CREATE TABLE `orders` (
  `id` varchar(100) NOT NULL,
  `customer_email` varchar(255) NOT NULL,
  `total_amount` decimal(10,2) NOT NULL,
  `currency` varchar(10) DEFAULT 'USD',
  `status` varchar(50) DEFAULT 'pending',
  `created_at` timestamp NULL DEFAULT CURRENT_TIMESTAMP,
  PRIMARY KEY (`id`)
) ENGINE=InnoDB DEFAULT CHARSET=utf8mb4 COLLATE=utf8mb4_0900_ai_ci;
/*!40101 SET character_set_client = @saved_cs_client */;

--
-- Dumping data for table `orders`
--

LOCK TABLES `orders` WRITE;
/*!40000 ALTER TABLE `orders` DISABLE KEYS */;
/*!40000 ALTER TABLE `orders` ENABLE KEYS */;
UNLOCK TABLES;

--
-- Table structure for table `product_attributes`
--

DROP TABLE IF EXISTS `product_attributes`;
/*!40101 SET @saved_cs_client     = @@character_set_client */;
/*!50503 SET character_set_client = utf8mb4 */;
CREATE TABLE `product_attributes` (
  `id` int NOT NULL AUTO_INCREMENT,
  `product_id` varchar(100) NOT NULL,
  `attribute_set_id` varchar(100) NOT NULL,
  PRIMARY KEY (`id`),
  UNIQUE KEY `unique_product_attribute` (`product_id`,`attribute_set_id`),
  KEY `attribute_set_id` (`attribute_set_id`),
  CONSTRAINT `product_attributes_ibfk_1` FOREIGN KEY (`product_id`) REFERENCES `products` (`id`) ON DELETE CASCADE,
  CONSTRAINT `product_attributes_ibfk_2` FOREIGN KEY (`attribute_set_id`) REFERENCES `attribute_sets` (`id`) ON DELETE CASCADE
) ENGINE=InnoDB DEFAULT CHARSET=utf8mb4 COLLATE=utf8mb4_0900_ai_ci;
/*!40101 SET character_set_client = @saved_cs_client */;

--
-- Dumping data for table `product_attributes`
--

LOCK TABLES `product_attributes` WRITE;
/*!40000 ALTER TABLE `product_attributes` DISABLE KEYS */;
/*!40000 ALTER TABLE `product_attributes` ENABLE KEYS */;
UNLOCK TABLES;

--
-- Table structure for table `product_galleries`
--

DROP TABLE IF EXISTS `product_galleries`;
/*!40101 SET @saved_cs_client     = @@character_set_client */;
/*!50503 SET character_set_client = utf8mb4 */;
CREATE TABLE `product_galleries` (
  `id` int NOT NULL AUTO_INCREMENT,
  `product_id` varchar(100) NOT NULL,
  `image_url` text NOT NULL,
  `sort_order` int DEFAULT '0',
  PRIMARY KEY (`id`),
  KEY `idx_product_galleries_product` (`product_id`),
  CONSTRAINT `product_galleries_ibfk_1` FOREIGN KEY (`product_id`) REFERENCES `products` (`id`) ON DELETE CASCADE
) ENGINE=InnoDB AUTO_INCREMENT=97 DEFAULT CHARSET=utf8mb4 COLLATE=utf8mb4_0900_ai_ci;
/*!40101 SET character_set_client = @saved_cs_client */;

--
-- Dumping data for table `product_galleries`
--

LOCK TABLES `product_galleries` WRITE;
/*!40000 ALTER TABLE `product_galleries` DISABLE KEYS */;
INSERT INTO `product_galleries` VALUES (65,'classic-denim-jacket','https://images.unsplash.com/photo-1544966503-7cc5ac882d5f?ixlib=rb-4.0.3&ixid=M3wxMjA3fDB8MHxwaG90by1wYWdlfHx8fGVufDB8fHx8fA%3D%3D&auto=format&fit=crop&w=800&h=800',0),(66,'classic-denim-jacket','https://images.unsplash.com/photo-1551698618-1dfe5d97d256?ixlib=rb-4.0.3&ixid=M3wxMjA3fDB8MHxwaG90by1wYWdlfHx8fGVufDB8fHx8fA%3D%3D&auto=format&fit=crop&w=800&h=800',1),(67,'classic-denim-jacket','https://images.unsplash.com/photo-1594633312681-425c7b97ccd1?ixlib=rb-4.0.3&ixid=M3wxMjA3fDB8MHxwaG90by1wYWdlfHx8fGVufDB8fHx8fA%3D%3D&auto=format&fit=crop&w=800&h=800',2),(68,'classic-denim-jacket','https://images.unsplash.com/photo-1576871337622-98d48d1cf531?ixlib=rb-4.0.3&ixid=M3wxMjA3fDB8MHxwaG90by1wYWdlfHx8fGVufDB8fHx8fA%3D%3D&auto=format&fit=crop&w=800&h=800',3),(69,'cotton-white-tshirt','https://images.unsplash.com/photo-1521572163474-6864f9cf17ab?ixlib=rb-4.0.3&ixid=M3wxMjA3fDB8MHxwaG90by1wYWdlfHx8fGVufDB8fHx8fA%3D%3D&auto=format&fit=crop&w=800&h=800',0),(70,'cotton-white-tshirt','https://images.unsplash.com/photo-1503341338985-b019d5d70888?ixlib=rb-4.0.3&ixid=M3wxMjA3fDB8MHxwaG90by1wYWdlfHx8fGVufDB8fHx8fA%3D%3D&auto=format&fit=crop&w=800&h=800',1),(71,'cotton-white-tshirt','https://images.unsplash.com/photo-1586790170083-2f9ceadc732d?ixlib=rb-4.0.3&ixid=M3wxMjA3fDB8MHxwaG90by1wYWdlfHx8fGVufDB8fHx8fA%3D%3D&auto=format&fit=crop&w=800&h=800',2),(72,'cotton-white-tshirt','https://images.unsplash.com/photo-1562157873-818bc0726f68?ixlib=rb-4.0.3&ixid=M3wxMjA3fDB8MHxwaG90by1wYWdlfHx8fGVufDB8fHx8fA%3D%3D&auto=format&fit=crop&w=800&h=800',3),(73,'running-sneakers','https://images.unsplash.com/photo-1542291026-7eec264c27ff?ixlib=rb-4.0.3&ixid=M3wxMjA3fDB8MHxwaG90by1wYWdlfHx8fGVufDB8fHx8fA%3D%3D&auto=format&fit=crop&w=800&h=800',0),(74,'running-sneakers','https://images.unsplash.com/photo-1571019613454-1cb2f99b2d8b?ixlib=rb-4.0.3&ixid=M3wxMjA3fDB8MHxwaG90by1wYWdlfHx8fGVufDB8fHx8fA%3D%3D&auto=format&fit=crop&w=800&h=800',1),(75,'running-sneakers','https://images.unsplash.com/photo-1549298916-b41d501d3772?ixlib=rb-4.0.3&ixid=M3wxMjA3fDB8MHxwaG90by1wYWdlfHx8fGVufDB8fHx8fA%3D%3D&auto=format&fit=crop&w=800&h=800',2),(76,'running-sneakers','https://images.unsplash.com/photo-1560769629-975ec94e6a86?ixlib=rb-4.0.3&ixid=M3wxMjA3fDB8MHxwaG90by1wYWdlfHx8fGVufDB8fHx8fA%3D%3D&auto=format&fit=crop&w=800&h=800',3),(77,'wireless-headphones','https://images.unsplash.com/photo-1505740420928-5e560c06d30e?ixlib=rb-4.0.3&ixid=M3wxMjA3fDB8MHxwaG90by1wYWdlfHx8fGVufDB8fHx8fA%3D%3D&auto=format&fit=crop&w=800&h=800',0),(78,'wireless-headphones','https://images.unsplash.com/photo-1484704849700-f032a568e944?ixlib=rb-4.0.3&ixid=M3wxMjA3fDB8MHxwaG90by1wYWdlfHx8fGVufDB8fHx8fA%3D%3D&auto=format&fit=crop&w=800&h=800',1),(79,'wireless-headphones','https://images.unsplash.com/photo-1583394838336-acd977736f90?ixlib=rb-4.0.3&ixid=M3wxMjA3fDB8MHxwaG90by1wYWdlfHx8fGVufDB8fHx8fA%3D%3D&auto=format&fit=crop&w=800&h=800',2),(80,'wireless-headphones','https://images.unsplash.com/photo-1590658268037-6bf12165a8df?ixlib=rb-4.0.3&ixid=M3wxMjA3fDB8MHxwaG90by1wYWdlfHx8fGVufDB8fHx8fA%3D%3D&auto=format&fit=crop&w=800&h=800',3),(81,'gaming-laptop','https://images.unsplash.com/photo-1603302576837-37561b2e2302?ixlib=rb-4.0.3&ixid=M3wxMjA3fDB8MHxwaG90by1wYWdlfHx8fGVufDB8fHx8fA%3D%3D&auto=format&fit=crop&w=800&h=800',0),(82,'gaming-laptop','https://images.unsplash.com/photo-1525547719571-a2d4ac8945e2?ixlib=rb-4.0.3&ixid=M3wxMjA3fDB8MHxwaG90by1wYWdlfHx8fGVufDB8fHx8fA%3D%3D&auto=format&fit=crop&w=800&h=800',1),(83,'gaming-laptop','https://images.unsplash.com/photo-1496181133206-80ce9b88a853?ixlib=rb-4.0.3&ixid=M3wxMjA3fDB8MHxwaG90by1wYWdlfHx8fGVufDB8fHx8fA%3D%3D&auto=format&fit=crop&w=800&h=800',2),(84,'gaming-laptop','https://images.unsplash.com/photo-1588872657578-7efd1f1555ed?ixlib=rb-4.0.3&ixid=M3wxMjA3fDB8MHxwaG90by1wYWdlfHx8fGVufDB8fHx8fA%3D%3D&auto=format&fit=crop&w=800&h=800',3),(85,'smartphone-pro','https://images.unsplash.com/photo-1511707171634-5f897ff02aa9?ixlib=rb-4.0.3&ixid=M3wxMjA3fDB8MHxwaG90by1wYWdlfHx8fGVufDB8fHx8fA%3D%3D&auto=format&fit=crop&w=800&h=800',0),(86,'smartphone-pro','https://images.unsplash.com/photo-1592750475338-74b7b21085ab?ixlib=rb-4.0.3&ixid=M3wxMjA3fDB8MHxwaG90by1wYWdlfHx8fGVufDB8fHx8fA%3D%3D&auto=format&fit=crop&w=800&h=800',1),(87,'smartphone-pro','https://images.unsplash.com/photo-1574944985070-8f3ebc6b79d2?ixlib=rb-4.0.3&ixid=M3wxMjA3fDB8MHxwaG90by1wYWdlfHx8fGVufDB8fHx8fA%3D%3D&auto=format&fit=crop&w=800&h=800',2),(88,'smartphone-pro','https://images.unsplash.com/photo-1598300042247-d088f8ab3a91?ixlib=rb-4.0.3&ixid=M3wxMjA3fDB8MHxwaG90by1wYWdlfHx8fGVufDB8fHx8fA%3D%3D&auto=format&fit=crop&w=800&h=800',3),(89,'smart-watch','https://images.unsplash.com/photo-1544117519-31a4b719223d?ixlib=rb-4.0.3&ixid=M3wxMjA3fDB8MHxwaG90by1wYWdlfHx8fGVufDB8fHx8fA%3D%3D&auto=format&fit=crop&w=800&h=800',0),(90,'smart-watch','https://images.unsplash.com/photo-1579586337278-3f436f25d4d3?ixlib=rb-4.0.3&ixid=M3wxMjA3fDB8MHxwaG90by1wYWdlfHx8fGVufDB8fHx8fA%3D%3D&auto=format&fit=crop&w=800&h=800',1),(91,'smart-watch','https://images.unsplash.com/photo-1434493789847-2f02dc6ca35d?ixlib=rb-4.0.3&ixid=M3wxMjA3fDB8MHxwaG90by1wYWdlfHx8fGVufDB8fHx8fA%3D%3D&auto=format&fit=crop&w=800&h=800',2),(92,'smart-watch','https://images.unsplash.com/photo-1606220588913-b3aacb4d2f46?ixlib=rb-4.0.3&ixid=M3wxMjA3fDB8MHxwaG90by1wYWdlfHx8fGVufDB8fHx8fA%3D%3D&auto=format&fit=crop&w=800&h=800',3),(93,'wireless-earbuds','https://images.unsplash.com/photo-1572569511254-d8f925fe2cbb?ixlib=rb-4.0.3&ixid=M3wxMjA3fDB8MHxwaG90by1wYWdlfHx8fGVufDB8fHx8fA%3D%3D&auto=format&fit=crop&w=800&h=800',0),(94,'wireless-earbuds','https://images.unsplash.com/photo-1606220588913-b3aacb4d2f46?ixlib=rb-4.0.3&ixid=M3wxMjA3fDB8MHxwaG90by1wYWdlfHx8fGVufDB8fHx8fA%3D%3D&auto=format&fit=crop&w=800&h=800',1),(95,'wireless-earbuds','https://images.unsplash.com/photo-1585298723682-7115561c51b7?ixlib=rb-4.0.3&ixid=M3wxMjA3fDB8MHxwaG90by1wYWdlfHx8fGVufDB8fHx8fA%3D%3D&auto=format&fit=crop&w=800&h=800',2),(96,'wireless-earbuds','https://images.unsplash.com/photo-1608043152269-423dbba4e7e1?ixlib=rb-4.0.3&ixid=M3wxMjA3fDB8MHxwaG90by1wYWdlfHx8fGVufDB8fHx8fA%3D%3D&auto=format&fit=crop&w=800&h=800',3);
/*!40000 ALTER TABLE `product_galleries` ENABLE KEYS */;
UNLOCK TABLES;

--
-- Table structure for table `product_prices`
--

DROP TABLE IF EXISTS `product_prices`;
/*!40101 SET @saved_cs_client     = @@character_set_client */;
/*!50503 SET character_set_client = utf8mb4 */;
CREATE TABLE `product_prices` (
  `id` int NOT NULL AUTO_INCREMENT,
  `product_id` varchar(100) NOT NULL,
  `amount` decimal(10,2) NOT NULL,
  `currency_code` varchar(10) NOT NULL,
  `sort_order` int DEFAULT '0',
  PRIMARY KEY (`id`),
  KEY `currency_code` (`currency_code`),
  KEY `idx_product_prices_product` (`product_id`),
  CONSTRAINT `product_prices_ibfk_1` FOREIGN KEY (`product_id`) REFERENCES `products` (`id`) ON DELETE CASCADE,
  CONSTRAINT `product_prices_ibfk_2` FOREIGN KEY (`currency_code`) REFERENCES `currencies` (`code`)
) ENGINE=InnoDB AUTO_INCREMENT=25 DEFAULT CHARSET=utf8mb4 COLLATE=utf8mb4_0900_ai_ci;
/*!40101 SET character_set_client = @saved_cs_client */;

--
-- Dumping data for table `product_prices`
--

LOCK TABLES `product_prices` WRITE;
/*!40000 ALTER TABLE `product_prices` DISABLE KEYS */;
INSERT INTO `product_prices` VALUES (17,'classic-denim-jacket',89.99,'USD',0),(18,'cotton-white-tshirt',24.99,'USD',0),(19,'running-sneakers',129.99,'USD',0),(20,'wireless-headphones',299.99,'USD',0),(21,'gaming-laptop',1299.99,'USD',0),(22,'smartphone-pro',899.99,'USD',0),(23,'smart-watch',249.99,'USD',0),(24,'wireless-earbuds',179.99,'USD',0);
/*!40000 ALTER TABLE `product_prices` ENABLE KEYS */;
UNLOCK TABLES;

--
-- Table structure for table `products`
--

DROP TABLE IF EXISTS `products`;
/*!40101 SET @saved_cs_client     = @@character_set_client */;
/*!50503 SET character_set_client = utf8mb4 */;
CREATE TABLE `products` (
  `id` varchar(100) NOT NULL,
  `name` varchar(255) NOT NULL,
  `description` text,
  `brand` varchar(100) DEFAULT NULL,
  `category_name` varchar(100) DEFAULT NULL,
  `in_stock` tinyint(1) DEFAULT '1',
  `created_at` timestamp NULL DEFAULT CURRENT_TIMESTAMP,
  `updated_at` timestamp NULL DEFAULT CURRENT_TIMESTAMP ON UPDATE CURRENT_TIMESTAMP,
  PRIMARY KEY (`id`),
  KEY `idx_products_category` (`category_name`),
  KEY `idx_products_brand` (`brand`),
  CONSTRAINT `products_ibfk_1` FOREIGN KEY (`category_name`) REFERENCES `categories` (`name`) ON UPDATE CASCADE
) ENGINE=InnoDB DEFAULT CHARSET=utf8mb4 COLLATE=utf8mb4_0900_ai_ci;
/*!40101 SET character_set_client = @saved_cs_client */;

--
-- Dumping data for table `products`
--

LOCK TABLES `products` WRITE;
/*!40000 ALTER TABLE `products` DISABLE KEYS */;
INSERT INTO `products` VALUES ('classic-denim-jacket','Classic Denim Jacket','Timeless denim jacket perfect for layering. Made with premium cotton denim for durability and comfort.','Urban Classic','clothes',1,'2025-09-02 10:45:39','2025-09-02 10:45:39'),('cotton-white-tshirt','Premium Cotton T-Shirt','Essential premium cotton t-shirt. Soft, breathable, and perfect for everyday wear.','Essential Wear','clothes',1,'2025-09-02 10:45:39','2025-09-02 10:45:39'),('gaming-laptop','Gaming Laptop RTX 4060','High-performance gaming laptop with RTX 4060 graphics, 16GB RAM, and 144Hz display.','GameForce','tech',1,'2025-09-02 10:45:39','2025-09-02 10:45:39'),('running-sneakers','Performance Running Sneakers','High-performance running sneakers with advanced cushioning and breathable mesh upper.','SportMax','clothes',1,'2025-09-02 10:45:39','2025-09-02 10:45:39'),('smart-watch','Smart Fitness Watch','Advanced fitness tracking smartwatch with heart rate monitoring, GPS, and 7-day battery life.','FitTech','tech',0,'2025-09-02 10:45:39','2025-09-02 10:45:39'),('smartphone-pro','Smartphone Pro Max 256GB','Latest flagship smartphone with triple camera system, 256GB storage, and all-day battery life.','TechMax','tech',1,'2025-09-02 10:45:39','2025-09-02 10:45:39'),('wireless-earbuds','True Wireless Earbuds','Compact true wireless earbuds with noise cancellation and wireless charging case.','SoundWave','tech',1,'2025-09-02 10:45:39','2025-09-02 10:45:39'),('wireless-headphones','Wireless Noise-Canceling Headphones','Premium wireless headphones with active noise cancellation and 30-hour battery life.','AudioTech','tech',1,'2025-09-02 10:45:39','2025-09-02 10:45:39');
/*!40000 ALTER TABLE `products` ENABLE KEYS */;
UNLOCK TABLES;
/*!40103 SET TIME_ZONE=@OLD_TIME_ZONE */;

/*!40101 SET SQL_MODE=@OLD_SQL_MODE */;
/*!40014 SET FOREIGN_KEY_CHECKS=@OLD_FOREIGN_KEY_CHECKS */;
/*!40014 SET UNIQUE_CHECKS=@OLD_UNIQUE_CHECKS */;
/*!40101 SET CHARACTER_SET_CLIENT=@OLD_CHARACTER_SET_CLIENT */;
/*!40101 SET CHARACTER_SET_RESULTS=@OLD_CHARACTER_SET_RESULTS */;
/*!40101 SET COLLATION_CONNECTION=@OLD_COLLATION_CONNECTION */;
/*!40111 SET SQL_NOTES=@OLD_SQL_NOTES */;

-- Dump completed on 2025-09-11 14:47:05
